,index,age,workclass,fnlwgt,education,educational-num,marital-status,occupation,relationship,race,gender,capital-gain,capital-loss,hours-per-week,native-country,income,color
0,10842,26,Private,152924,Some-college,10,Married-civ-spouse,Adm-clerical,Wife,White,Female,0,0,40,United-States,<=50K,1
1,10198,44,Private,303619,11th,7,Divorced,Craft-repair,Not-in-family,White,Male,0,0,40,United-States,<=50K,1
2,29163,46,Private,337050,Masters,14,Married-civ-spouse,Exec-managerial,Husband,White,Male,0,1977,45,United-States,>50K,1
3,1819,37,Self-emp-not-inc,175120,Some-college,10,Married-civ-spouse,Craft-repair,Husband,White,Male,0,0,40,United-States,>50K,1
4,43497,44,Private,124747,HS-grad,9,Married-civ-spouse,Exec-managerial,Wife,White,Female,3103,0,40,United-States,>50K,1
5,9332,23,Private,34918,Bachelors,13,Never-married,Adm-clerical,Not-in-family,White,Female,0,0,15,United-States,<=50K,1
6,23,25,Private,220931,Bachelors,13,Never-married,Prof-specialty,Not-in-family,White,Male,0,0,43,Peru,<=50K,1
7,37559,19,Private,194905,Some-college,10,Never-married,Other-service,Own-child,White,Female,0,0,12,United-States,<=50K,1
8,17194,34,Private,175878,Some-college,10,Never-married,Craft-repair,Not-in-family,White,Male,0,0,40,United-States,<=50K,1
9,34767,27,Private,69132,Bachelors,13,Never-married,Prof-specialty,Not-in-family,White,Male,0,0,40,United-States,<=50K,1
10,10697,53,Self-emp-not-inc,197014,HS-grad,9,Never-married,Craft-repair,Not-in-family,White,Male,0,0,35,United-States,<=50K,1
11,31605,23,Private,194247,Some-college,10,Never-married,Sales,Not-in-family,White,Male,0,0,40,United-States,<=50K,1
12,31483,38,Private,110402,Assoc-voc,11,Married-civ-spouse,Machine-op-inspct,Husband,White,Male,0,0,40,United-States,<=50K,1
13,26193,31,Private,208657,Some-college,10,Divorced,Adm-clerical,Unmarried,White,Female,0,0,40,United-States,<=50K,1
14,13516,37,Self-emp-not-inc,191841,Bachelors,13,Divorced,Other-service,Unmarried,White,Female,0,0,48,United-States,<=50K,1
15,44750,54,Private,135388,HS-grad,9,Married-civ-spouse,Craft-repair,Husband,White,Male,5178,0,40,United-States,>50K,1
16,34949,23,Private,148709,HS-grad,9,Married-civ-spouse,Adm-clerical,Other-relative,White,Female,0,0,35,United-States,<=50K,1
17,38642,43,Private,58447,Doctorate,16,Married-civ-spouse,Prof-specialty,Husband,White,Male,99999,0,55,United-States,>50K,1
18,42922,55,Self-emp-not-inc,283635,Prof-school,15,Divorced,Prof-specialty,Not-in-family,White,Female,0,0,35,United-States,<=50K,1
19,7386,31,Private,328118,Some-college,10,Never-married,Other-service,Not-in-family,White,Female,0,0,20,United-States,<=50K,1
20,19256,27,Private,37933,Some-college,10,Never-married,Adm-clerical,Unmarried,Black,Female,0,0,40,United-States,<=50K,1
21,47661,47,Private,252079,Bachelors,13,Married-civ-spouse,Machine-op-inspct,Husband,White,Male,7688,0,44,United-States,>50K,1
22,1338,20,?,228649,Some-college,10,Never-married,?,Own-child,White,Male,0,0,30,United-States,<=50K,1
23,13554,58,Private,196502,Some-college,10,Married-civ-spouse,Sales,Husband,White,Male,0,0,60,United-States,>50K,1
24,26911,33,Private,122612,HS-grad,9,Married-spouse-absent,Other-service,Not-in-family,Asian-Pac-Islander,Female,0,0,35,Thailand,<=50K,1
25,21728,20,Private,89991,Some-college,10,Never-married,Other-service,Own-child,White,Female,0,0,32,United-States,<=50K,1
26,2285,37,Private,105044,Bachelors,13,Married-civ-spouse,Prof-specialty,Husband,White,Male,0,0,40,United-States,>50K,1
27,13708,31,Private,177675,Some-college,10,Married-civ-spouse,Sales,Husband,White,Male,0,0,60,United-States,>50K,1
28,4140,29,Private,433624,Some-college,10,Never-married,Adm-clerical,Not-in-family,White,Female,0,0,40,United-States,<=50K,1
29,11686,32,Private,99548,Some-college,10,Divorced,Handlers-cleaners,Not-in-family,Amer-Indian-Eskimo,Male,0,0,40,United-States,<=50K,1
30,46308,43,Private,178780,Some-college,10,Married-civ-spouse,Exec-managerial,Husband,White,Male,0,0,49,United-States,>50K,1
31,24379,18,?,215463,12th,8,Never-married,?,Own-child,White,Female,0,0,25,United-States,<=50K,1
32,14887,24,Private,97676,Some-college,10,Married-civ-spouse,Tech-support,Husband,White,Male,0,0,40,United-States,<=50K,1
33,48206,40,Private,101593,Bachelors,13,Married-civ-spouse,Prof-specialty,Husband,White,Male,0,0,50,United-States,<=50K,1
34,30335,29,Private,170301,HS-grad,9,Married-civ-spouse,Adm-clerical,Wife,White,Female,2829,0,40,United-States,<=50K,1
35,36895,27,Local-gov,151626,HS-grad,9,Never-married,Prof-specialty,Own-child,Black,Female,0,0,40,United-States,<=50K,1
36,38176,71,Local-gov,303860,Masters,14,Widowed,Exec-managerial,Not-in-family,White,Male,2050,0,20,United-States,<=50K,1
37,9694,39,Private,531055,HS-grad,9,Married-civ-spouse,Craft-repair,Husband,White,Male,0,0,40,United-States,>50K,1
38,23713,46,Private,114032,Some-college,10,Married-civ-spouse,Tech-support,Husband,White,Male,0,1887,45,United-States,>50K,1
39,23347,58,Local-gov,98361,HS-grad,9,Married-civ-spouse,Exec-managerial,Husband,White,Male,0,0,50,United-States,<=50K,1
40,28293,32,Federal-gov,164707,HS-grad,9,Married-civ-spouse,Adm-clerical,Wife,White,Female,0,0,40,United-States,>50K,1
41,10680,62,Private,142769,Some-college,10,Married-civ-spouse,Protective-serv,Husband,White,Male,0,0,40,United-States,<=50K,1
42,35306,47,Private,155659,Some-college,10,Married-civ-spouse,Craft-repair,Husband,White,Male,7688,0,55,United-States,>50K,1
43,26156,31,Local-gov,331126,Bachelors,13,Never-married,Protective-serv,Own-child,Black,Male,0,0,48,United-States,<=50K,1
44,8626,22,?,96844,Some-college,10,Never-married,?,Not-in-family,White,Female,0,1602,20,United-States,<=50K,1
45,48522,45,State-gov,231013,Bachelors,13,Divorced,Protective-serv,Not-in-family,White,Male,0,0,40,United-States,<=50K,1
46,41264,40,Local-gov,150755,Bachelors,13,Married-civ-spouse,Prof-specialty,Husband,White,Male,99999,0,75,United-States,>50K,1
47,26661,38,Private,222450,Some-college,10,Separated,Exec-managerial,Unmarried,White,Male,0,0,40,United-States,<=50K,1
48,24614,30,Private,208043,Bachelors,13,Married-civ-spouse,Sales,Husband,White,Male,0,0,55,United-States,>50K,1
49,5502,40,Private,121492,Some-college,10,Never-married,Machine-op-inspct,Not-in-family,Black,Male,0,0,48,United-States,<=50K,1
50,32089,34,Private,186269,HS-grad,9,Divorced,Adm-clerical,Own-child,White,Male,0,0,40,United-States,<=50K,1
51,21886,55,Local-gov,123382,Assoc-voc,11,Separated,Prof-specialty,Unmarried,Black,Female,0,0,35,United-States,<=50K,1
52,26900,37,Private,113750,Bachelors,13,Married-civ-spouse,Handlers-cleaners,Husband,White,Male,0,0,40,United-States,<=50K,1
53,14387,52,Private,427475,HS-grad,9,Married-civ-spouse,Machine-op-inspct,Husband,White,Male,0,0,43,United-States,<=50K,1
54,11713,52,Private,184081,7th-8th,4,Married-civ-spouse,Machine-op-inspct,Husband,Black,Male,0,0,40,Jamaica,<=50K,1
55,2781,36,Private,307134,Bachelors,13,Married-civ-spouse,Prof-specialty,Husband,White,Male,0,0,42,United-States,<=50K,1
56,24084,55,Private,127014,HS-grad,9,Married-civ-spouse,Other-service,Husband,White,Male,0,0,60,United-States,<=50K,1
57,39993,56,Private,65325,Bachelors,13,Married-civ-spouse,Adm-clerical,Husband,White,Male,0,0,50,United-States,<=50K,1
58,45549,26,Local-gov,72594,Some-college,10,Married-civ-spouse,Protective-serv,Husband,White,Male,0,0,55,United-States,>50K,1
59,14529,18,Private,41506,11th,7,Never-married,Other-service,Not-in-family,White,Female,0,0,30,United-States,<=50K,1
60,42138,43,Private,393354,Some-college,10,Married-civ-spouse,Adm-clerical,Wife,Black,Female,0,0,38,United-States,>50K,1
61,3720,47,Federal-gov,409464,HS-grad,9,Divorced,Craft-repair,Not-in-family,White,Male,0,0,40,United-States,<=50K,1
62,14101,43,Self-emp-not-inc,297510,Prof-school,15,Married-civ-spouse,Prof-specialty,Husband,White,Male,0,0,60,United-States,>50K,1
63,27202,23,Private,235853,HS-grad,9,Married-civ-spouse,Transport-moving,Husband,White,Male,0,0,40,United-States,<=50K,1
64,16458,34,Private,483777,HS-grad,9,Never-married,Handlers-cleaners,Not-in-family,Black,Male,0,0,40,United-States,<=50K,1
65,18765,40,Private,185145,Doctorate,16,Married-civ-spouse,Prof-specialty,Husband,White,Male,0,0,40,United-States,>50K,1
66,43871,36,?,98776,Some-college,10,Never-married,?,Not-in-family,White,Male,0,0,30,United-States,<=50K,1
67,28759,41,State-gov,70884,HS-grad,9,Married-civ-spouse,Tech-support,Husband,White,Male,0,0,40,United-States,<=50K,1
68,44650,64,Private,312498,Bachelors,13,Married-civ-spouse,Sales,Husband,White,Male,0,0,40,United-States,<=50K,1
69,7026,64,Local-gov,189634,Some-college,10,Widowed,Exec-managerial,Not-in-family,White,Male,0,0,50,United-States,<=50K,1
70,29492,28,Private,70240,HS-grad,9,Married-spouse-absent,Other-service,Not-in-family,Asian-Pac-Islander,Female,0,0,40,Philippines,<=50K,1
71,8226,65,Federal-gov,190160,Some-college,10,Widowed,Adm-clerical,Not-in-family,White,Male,0,1944,20,Poland,<=50K,1
72,6770,53,Private,287317,HS-grad,9,Divorced,Other-service,Not-in-family,Black,Male,0,0,40,United-States,<=50K,1
73,37029,24,State-gov,155775,HS-grad,9,Married-civ-spouse,Tech-support,Husband,White,Male,0,0,40,United-States,<=50K,1
74,48149,39,Private,75891,Bachelors,13,Divorced,Tech-support,Unmarried,White,Female,0,0,40,United-States,<=50K,1
75,25007,36,Private,311255,HS-grad,9,Married-civ-spouse,Machine-op-inspct,Husband,Black,Male,0,0,40,Haiti,<=50K,1
76,43692,43,Private,75993,Some-college,10,Married-civ-spouse,Sales,Husband,White,Male,7688,0,40,United-States,>50K,1
77,22810,22,Private,128487,HS-grad,9,Never-married,Adm-clerical,Not-in-family,White,Female,0,0,10,United-States,<=50K,1
78,48039,17,?,171461,10th,6,Never-married,?,Own-child,White,Female,0,0,20,United-States,<=50K,1
79,13462,31,Private,97723,Bachelors,13,Married-civ-spouse,Prof-specialty,Husband,White,Male,7688,0,40,United-States,>50K,1
80,15391,58,Self-emp-inc,229116,Prof-school,15,Divorced,Prof-specialty,Not-in-family,White,Male,0,0,70,United-States,>50K,1
81,17419,27,Private,138705,HS-grad,9,Married-civ-spouse,Craft-repair,Husband,White,Male,0,0,53,United-States,<=50K,1
82,22220,36,Private,107410,HS-grad,9,Married-civ-spouse,Sales,Husband,White,Male,0,0,40,United-States,<=50K,1
83,43229,44,Private,317320,Some-college,10,Divorced,Other-service,Unmarried,White,Female,0,0,40,United-States,<=50K,1
84,43293,21,Private,275190,Some-college,10,Never-married,Sales,Own-child,White,Female,0,0,20,United-States,<=50K,1
85,22452,47,Private,170850,HS-grad,9,Married-civ-spouse,Handlers-cleaners,Husband,White,Male,4064,0,60,United-States,<=50K,1
86,39874,33,Private,111567,Assoc-voc,11,Never-married,Craft-repair,Not-in-family,White,Male,0,0,40,United-States,<=50K,1
87,39094,31,Federal-gov,203488,Assoc-acdm,12,Never-married,Adm-clerical,Not-in-family,White,Male,0,0,40,United-States,<=50K,1
88,7313,38,Self-emp-not-inc,177907,HS-grad,9,Married-civ-spouse,Sales,Husband,White,Male,0,0,40,United-States,<=50K,1
89,35537,30,Private,119164,Bachelors,13,Never-married,Other-service,Unmarried,White,Male,0,0,40,?,<=50K,1
90,43577,23,Self-emp-not-inc,111296,11th,7,Never-married,Craft-repair,Own-child,White,Male,0,0,50,Mexico,<=50K,1
91,15456,20,Private,203914,12th,8,Never-married,Other-service,Own-child,White,Female,0,0,25,United-States,<=50K,1
92,48801,27,Private,177398,HS-grad,9,Never-married,Other-service,Unmarried,White,Female,0,0,64,United-States,<=50K,1
93,34958,33,Private,160216,Masters,14,Never-married,Exec-managerial,Not-in-family,White,Female,0,0,32,?,<=50K,1
94,636,35,Private,337239,HS-grad,9,Married-civ-spouse,Machine-op-inspct,Husband,White,Male,0,0,40,Mexico,<=50K,1
95,44823,49,Private,337666,HS-grad,9,Divorced,Machine-op-inspct,Not-in-family,Black,Male,0,0,40,United-States,<=50K,1
96,40861,21,?,277700,Some-college,10,Never-married,?,Own-child,White,Male,0,0,20,United-States,<=50K,1
97,41407,59,Private,328525,HS-grad,9,Married-civ-spouse,Adm-clerical,Husband,White,Male,2414,0,15,United-States,<=50K,1
98,1189,18,Private,120243,11th,7,Never-married,Handlers-cleaners,Own-child,White,Male,0,0,17,United-States,<=50K,1
99,43713,30,Private,35724,Prof-school,15,Married-civ-spouse,Prof-specialty,Wife,White,Female,0,0,45,United-States,>50K,1
100,15919,37,Private,171393,HS-grad,9,Married-civ-spouse,Sales,Husband,White,Male,0,1740,40,United-States,<=50K,1
101,7729,38,State-gov,169926,Bachelors,13,Married-civ-spouse,Prof-specialty,Wife,White,Female,0,0,21,United-States,>50K,1
102,25355,54,Private,39493,Assoc-voc,11,Married-civ-spouse,Transport-moving,Husband,White,Male,0,0,20,United-States,<=50K,1
103,30561,21,?,145964,Some-college,10,Never-married,?,Own-child,White,Male,0,0,40,United-States,<=50K,1
104,8434,38,Private,349198,Assoc-acdm,12,Married-civ-spouse,Tech-support,Husband,White,Male,0,0,21,United-States,>50K,1
105,21529,29,Self-emp-not-inc,164607,HS-grad,9,Married-civ-spouse,Craft-repair,Husband,White,Male,0,0,40,United-States,<=50K,1
106,30191,73,Self-emp-inc,80986,HS-grad,9,Married-civ-spouse,Sales,Husband,White,Male,0,0,20,United-States,<=50K,1
107,19373,60,Self-emp-not-inc,170114,9th,5,Married-civ-spouse,Farming-fishing,Husband,White,Male,0,1672,84,United-States,<=50K,1
108,39366,27,Private,133425,HS-grad,9,Never-married,Exec-managerial,Not-in-family,White,Female,0,0,50,United-States,<=50K,1
109,10962,35,Private,319831,HS-grad,9,Divorced,Craft-repair,Not-in-family,White,Male,0,0,60,United-States,<=50K,1
110,30689,21,Private,118712,Assoc-voc,11,Never-married,Craft-repair,Own-child,White,Male,0,1504,40,United-States,<=50K,1
111,30740,26,Private,350853,5th-6th,3,Never-married,Transport-moving,Not-in-family,White,Male,0,0,40,?,<=50K,1
112,29038,34,Private,236318,HS-grad,9,Never-married,Machine-op-inspct,Unmarried,White,Male,0,0,40,United-States,<=50K,1
113,45398,34,Private,287315,Some-college,10,Married-civ-spouse,Exec-managerial,Husband,White,Male,0,0,55,United-States,>50K,1
114,17375,21,Private,163870,Some-college,10,Never-married,Adm-clerical,Own-child,White,Male,0,0,40,United-States,<=50K,1
115,21885,23,Private,38151,11th,7,Never-married,Other-service,Other-relative,White,Male,0,0,40,Philippines,<=50K,1
116,26769,31,Private,356689,Bachelors,13,Never-married,Farming-fishing,Not-in-family,White,Male,0,0,40,United-States,<=50K,1
117,28264,40,Private,170019,HS-grad,9,Never-married,Other-service,Not-in-family,White,Male,0,0,40,?,<=50K,1
118,34678,32,Private,205528,HS-grad,9,Divorced,Adm-clerical,Unmarried,White,Female,0,0,40,United-States,<=50K,1
119,7167,31,Private,192660,Assoc-voc,11,Never-married,Adm-clerical,Unmarried,Black,Female,0,0,30,United-States,<=50K,1
120,45804,50,Private,123174,Doctorate,16,Married-civ-spouse,Prof-specialty,Husband,Black,Male,0,0,37,?,>50K,1
121,45957,52,Private,117496,Bachelors,13,Divorced,Prof-specialty,Unmarried,White,Female,0,1755,40,United-States,>50K,1
122,9626,33,Private,321709,Assoc-acdm,12,Married-civ-spouse,Other-service,Wife,White,Female,0,0,15,United-States,>50K,1
123,26824,33,Private,193042,HS-grad,9,Married-civ-spouse,Transport-moving,Husband,White,Male,0,0,60,United-States,>50K,1
124,13587,19,Private,56750,Some-college,10,Never-married,Exec-managerial,Not-in-family,White,Female,0,0,30,United-States,<=50K,1
125,46615,20,?,162667,11th,7,Never-married,?,Unmarried,White,Male,0,0,40,El-Salvador,<=50K,1
126,29914,68,Private,217424,HS-grad,9,Married-civ-spouse,Protective-serv,Husband,White,Male,0,0,24,United-States,<=50K,1
127,41200,39,Private,333305,Some-college,10,Married-civ-spouse,Sales,Wife,White,Female,0,0,45,United-States,>50K,1
128,33004,21,State-gov,151790,Some-college,10,Never-married,Adm-clerical,Own-child,White,Female,0,0,30,United-States,<=50K,1
129,30257,38,Private,129102,HS-grad,9,Married-civ-spouse,Exec-managerial,Husband,White,Male,0,0,50,United-States,<=50K,1
130,7184,19,Private,400356,Some-college,10,Married-spouse-absent,Adm-clerical,Own-child,White,Male,0,0,40,United-States,<=50K,1
131,23722,36,Private,199739,HS-grad,9,Married-civ-spouse,Transport-moving,Husband,White,Male,7298,0,60,United-States,>50K,1
132,1554,23,Private,47218,Some-college,10,Never-married,Adm-clerical,Other-relative,White,Female,0,0,40,United-States,<=50K,1
133,40695,20,Private,290504,HS-grad,9,Never-married,Other-service,Other-relative,White,Male,0,0,40,United-States,<=50K,1
134,47207,56,Private,107165,HS-grad,9,Married-civ-spouse,Handlers-cleaners,Husband,White,Male,0,0,18,United-States,<=50K,1
135,7053,48,Private,175662,HS-grad,9,Widowed,Adm-clerical,Unmarried,White,Female,0,0,24,United-States,<=50K,1
136,34091,43,Private,350379,5th-6th,3,Divorced,Priv-house-serv,Unmarried,White,Female,0,0,40,Mexico,<=50K,1
137,1312,62,Private,207443,11th,7,Never-married,Machine-op-inspct,Other-relative,White,Male,0,0,50,United-States,<=50K,1
138,17739,76,?,211453,HS-grad,9,Widowed,?,Not-in-family,Black,Female,0,0,2,United-States,<=50K,1
139,46929,29,State-gov,118520,HS-grad,9,Married-civ-spouse,Protective-serv,Husband,White,Male,0,0,42,United-States,<=50K,1
140,31725,20,Private,219266,HS-grad,9,Married-civ-spouse,Prof-specialty,Own-child,White,Female,0,0,36,?,<=50K,1
141,27585,23,Private,263899,Some-college,10,Never-married,Adm-clerical,Own-child,Black,Male,0,0,20,Haiti,<=50K,1
142,11895,40,Private,245073,7th-8th,4,Never-married,Other-service,Not-in-family,White,Male,0,0,20,United-States,<=50K,1
143,6512,40,Private,113732,HS-grad,9,Divorced,Handlers-cleaners,Unmarried,Black,Female,0,0,40,United-States,<=50K,1
144,9926,44,Private,182383,Some-college,10,Married-civ-spouse,Adm-clerical,Wife,White,Female,0,0,35,United-States,<=50K,1
145,16088,46,Private,263727,Some-college,10,Married-civ-spouse,Exec-managerial,Husband,White,Male,0,0,60,United-States,>50K,1
146,9796,52,Private,186826,Prof-school,15,Never-married,Prof-specialty,Not-in-family,White,Male,0,1564,40,United-States,>50K,1
147,29645,49,Private,53893,HS-grad,9,Divorced,Transport-moving,Not-in-family,White,Male,0,0,40,United-States,<=50K,1
148,28600,29,Private,203697,Bachelors,13,Married-civ-spouse,Prof-specialty,Own-child,White,Male,0,0,75,United-States,<=50K,1
149,4488,49,Local-gov,204377,11th,7,Divorced,Other-service,Own-child,White,Female,0,0,60,United-States,<=50K,1
150,7818,38,Private,108947,HS-grad,9,Divorced,Machine-op-inspct,Not-in-family,White,Male,2174,0,40,United-States,<=50K,1
151,4300,49,Local-gov,371886,Assoc-voc,11,Married-civ-spouse,Protective-serv,Husband,White,Male,0,0,56,United-States,>50K,1
152,45309,48,Private,182313,Some-college,10,Married-civ-spouse,Handlers-cleaners,Husband,White,Male,0,0,40,United-States,<=50K,1
153,41823,27,Local-gov,332249,HS-grad,9,Never-married,Farming-fishing,Own-child,White,Male,0,0,40,United-States,<=50K,1
154,23875,30,Private,115963,11th,7,Married-civ-spouse,Craft-repair,Husband,White,Male,0,0,40,United-States,<=50K,1
155,26091,24,Private,509629,HS-grad,9,Never-married,Other-service,Own-child,White,Female,0,0,25,United-States,<=50K,1
156,16345,29,Private,105598,Some-college,10,Divorced,Tech-support,Not-in-family,White,Male,0,0,58,United-States,<=50K,1
157,41755,23,Private,234108,Assoc-acdm,12,Never-married,Handlers-cleaners,Own-child,White,Male,0,0,32,United-States,<=50K,1
158,17791,25,Private,224943,Some-college,10,Married-spouse-absent,Prof-specialty,Unmarried,Black,Male,0,0,40,United-States,<=50K,1
159,46399,31,State-gov,373432,Bachelors,13,Married-civ-spouse,Prof-specialty,Husband,White,Male,7298,0,55,United-States,>50K,1
160,27920,39,Private,211440,HS-grad,9,Married-civ-spouse,Transport-moving,Husband,White,Male,0,0,55,United-States,>50K,1
161,2049,58,Private,244605,Bachelors,13,Widowed,Craft-repair,Not-in-family,White,Male,0,0,40,United-States,>50K,1
162,3372,21,Private,163595,Some-college,10,Never-married,Craft-repair,Not-in-family,White,Male,0,0,45,United-States,<=50K,1
163,23708,51,Private,153486,Some-college,10,Married-civ-spouse,Handlers-cleaners,Husband,White,Male,0,0,40,United-States,<=50K,1
164,47760,24,Private,498349,Bachelors,13,Never-married,Transport-moving,Unmarried,Black,Female,0,0,40,United-States,<=50K,1
165,22750,53,State-gov,116367,Some-college,10,Divorced,Adm-clerical,Other-relative,White,Female,4650,0,40,United-States,<=50K,1
166,41197,44,Private,184378,Assoc-voc,11,Married-civ-spouse,Exec-managerial,Husband,White,Male,0,0,40,United-States,<=50K,1
167,25450,37,Private,227597,Some-college,10,Married-civ-spouse,Craft-repair,Husband,White,Male,0,0,40,United-States,<=50K,1
168,19804,52,Private,338816,Some-college,10,Married-civ-spouse,Exec-managerial,Husband,White,Male,15024,0,45,United-States,>50K,1
169,6675,52,Self-emp-inc,29887,Prof-school,15,Married-civ-spouse,Prof-specialty,Husband,White,Male,0,0,60,United-States,>50K,1
170,30562,43,Private,483450,9th,5,Married-civ-spouse,Exec-managerial,Husband,White,Male,0,0,40,Mexico,<=50K,1
171,40023,67,Private,192670,HS-grad,9,Divorced,Sales,Not-in-family,White,Female,0,0,20,United-States,<=50K,1
172,21495,63,?,445168,Bachelors,13,Widowed,?,Not-in-family,Amer-Indian-Eskimo,Female,0,0,56,United-States,<=50K,1
173,20358,59,Private,160362,HS-grad,9,Married-civ-spouse,Sales,Husband,White,Male,0,0,60,United-States,<=50K,1
174,22927,37,?,223732,Some-college,10,Separated,?,Unmarried,White,Male,0,0,40,United-States,<=50K,1
175,22714,27,Private,211032,Preschool,1,Married-civ-spouse,Farming-fishing,Other-relative,White,Male,41310,0,24,Mexico,<=50K,1
176,3750,46,Private,171335,Some-college,10,Divorced,Exec-managerial,Not-in-family,White,Male,0,0,40,United-States,<=50K,1
177,34258,47,Private,140219,HS-grad,9,Never-married,Adm-clerical,Other-relative,White,Female,0,0,40,United-States,<=50K,1
178,1411,59,Private,193375,Masters,14,Married-civ-spouse,Prof-specialty,Wife,White,Female,0,0,10,United-States,<=50K,1
179,31817,21,Private,129674,Some-college,10,Never-married,Exec-managerial,Not-in-family,Black,Male,0,0,48,Mexico,<=50K,1
180,42113,46,Self-emp-not-inc,82572,HS-grad,9,Widowed,Other-service,Other-relative,White,Female,0,0,40,United-States,<=50K,1
181,10260,35,Private,60135,10th,6,Married-civ-spouse,Other-service,Wife,White,Female,0,0,40,United-States,<=50K,1
182,45106,47,Federal-gov,197332,Bachelors,13,Divorced,Prof-specialty,Not-in-family,White,Male,0,0,40,United-States,<=50K,1
183,47364,52,Private,202115,HS-grad,9,Married-civ-spouse,Other-service,Wife,White,Female,0,0,25,United-States,<=50K,1
184,24150,50,Federal-gov,69614,10th,6,Separated,Craft-repair,Not-in-family,White,Male,0,0,56,United-States,<=50K,1
185,45217,33,Private,190511,HS-grad,9,Never-married,Craft-repair,Not-in-family,White,Male,0,0,30,United-States,<=50K,1
186,27703,42,Private,135056,Some-college,10,Married-civ-spouse,Adm-clerical,Wife,White,Female,0,0,40,United-States,<=50K,1
187,6541,31,Private,175778,Bachelors,13,Never-married,Prof-specialty,Own-child,White,Female,0,0,40,United-States,<=50K,1
188,29681,37,Private,67125,HS-grad,9,Divorced,Sales,Not-in-family,White,Male,0,0,60,United-States,<=50K,1
189,29939,34,Private,231238,9th,5,Separated,Farming-fishing,Unmarried,Black,Male,0,0,40,United-States,<=50K,1
190,9745,47,Private,63225,1st-4th,2,Divorced,Other-service,Not-in-family,White,Female,0,0,15,United-States,<=50K,1
191,47601,24,Private,103064,Bachelors,13,Never-married,Tech-support,Not-in-family,White,Female,3674,0,40,United-States,<=50K,1
192,7520,41,Private,165304,Some-college,10,Married-civ-spouse,Craft-repair,Husband,White,Male,0,0,50,Greece,<=50K,1
193,47542,24,Private,222853,Some-college,10,Never-married,Craft-repair,Unmarried,White,Male,0,0,50,United-States,<=50K,1
194,1776,46,Private,274200,HS-grad,9,Divorced,Farming-fishing,Not-in-family,White,Male,0,0,50,United-States,<=50K,1
195,40042,47,Private,34458,HS-grad,9,Married-civ-spouse,Farming-fishing,Husband,White,Male,0,0,40,United-States,<=50K,1
196,8040,31,Private,264351,12th,8,Separated,Adm-clerical,Own-child,White,Male,0,0,40,Mexico,<=50K,1
197,40100,58,Self-emp-not-inc,118253,HS-grad,9,Married-civ-spouse,Farming-fishing,Husband,White,Male,0,0,70,United-States,<=50K,1
198,37620,30,Private,194901,HS-grad,9,Never-married,Sales,Other-relative,White,Male,0,0,40,United-States,<=50K,1
199,25599,37,Private,160120,Masters,14,Never-married,Prof-specialty,Unmarried,Asian-Pac-Islander,Male,0,0,40,South,<=50K,1
